doc_id,predicted_scores,human_scores,system_id,score_variance
dm-test-2feca9acf532e33f1ab7442c442c8e19787d8d7b,1.1206951538495704,2.6666666666666665,M20,0.0004976517386704567
dm-test-3ba3bde4a1440134bb38ec22ba50db59986b544c,4.3461875771272265,5.0,M12,0.0030579701815929535
cnn-test-c05bda9b387ec8ae43803170b6f59b4b82505db9,4.7969292458832,5.0,M2,0.00018245055545767027
dm-test-14c813567696f4e63a39993c09d4edb454036179,4.211360759988305,5.0,M9,0.002342796227845824
cnn-test-e49792c337d3f4c13e22f710efa44cf6a4e59aba,1.3098541610629664,1.3333333333333333,M11,0.0004810023047785411
dm-test-7cba80e83b222801fed8d6f96e8c0aa381c54b28,4.268370317367499,5.0,M12,0.002520981535802142
dm-test-8bc8f134bc3ceaeec0df8f29e96e13d319717ab8,4.579441070497884,5.0,M2,0.0010644389515753008
dm-test-051db270afc32571a08c15124330efe89d80fea8,4.239832062331124,5.0,M10,0.0018233214873248464
dm-test-4a593dc4c7e0b4d09bfdc66bb315c47b54eb15df,1.5076224222342651,4.333333333333333,M20,0.0039064077739918825
dm-test-3785743303ddb8b594be7c449a37458b99e83812,4.957372010985664,5.0,M0,2.532081414416753e-05
dm-test-b5bc2ae78441e4ac08fb01823d5fc0f1627c3166,4.494702950771776,5.0,M13,0.0007658642658438749
dm-test-23e8c1d71474d239aa9ae37b9a05031b0054b8ce,4.451305495256683,5.0,M13,0.0004831548625329565
dm-test-1749a22e2b6facaa057213cb9b33261b319bbd2b,4.963172856161534,5.0,M13,4.987566019409841e-06
dm-test-a3b6201aca77b5bdaa5df02d6acee2be66233237,4.264027311867418,5.0,M8,0.0022612946727548614
cnn-test-404f859482d47c127868964a9a39d1a7645dd2e9,4.010537919669778,5.0,M14,0.0004261338922457917
dm-test-6f027d030f9ca86446dc893f1d10ced4c9a3561f,4.907916245443024,5.0,M22,1.919720540718251e-05
dm-test-eeef09d26cf30c2124c0399b08eedc6321fe5d20,4.88252585965603,5.0,M5,4.4070414640077186e-05
dm-test-b255397ee863bd8faf9def57c0f76769153d905e,4.95271811787278,5.0,M13,1.043931012921873e-05
dm-test-9b1af0f993d78353ebd56a1b180e882e751527b3,4.955404945746848,5.0,M23,3.851142465596109e-06
dm-test-8e6c8aec6808f66ed0342e128a4e146f3ecd627d,4.731420759090865,5.0,M10,6.565766327576038e-05
dm-test-051db270afc32571a08c15124330efe89d80fea8,4.126321799176913,5.0,M17,0.00012210717065238384
dm-test-2c37d44d03ce2e91310339d884d33ee5aabf9abc,4.7575937966282895,5.0,M20,0.00196445025587652
dm-test-a3b6201aca77b5bdaa5df02d6acee2be66233237,4.929598854250548,5.0,M15,4.621896221548474e-05
dm-test-6c1341bedf92a304318545fbf1aad88651de7909,4.488206259166035,5.0,M2,0.0003476089354224339
dm-test-130ff8f2dfb6ab67861d5924b0ff5acd63c7d8ce,2.0276607831862057,5.0,M15,5.5073932192621684e-05
dm-test-e880fda4c25289f8325574246f0f8ed4ff5eb26b,3.6207596365230224,5.0,M9,0.002711146441668844
dm-test-54b857a66cbd8473d6732e5da52d48612e636a37,4.983555488294535,5.0,M5,1.3985924512171207e-06
dm-test-14c813567696f4e63a39993c09d4edb454036179,4.595355533876989,5.0,M1,0.0002485171668183576
dm-test-4e0de0ec6d5b9df174f54d03158de8f30aac861f,3.1991199020237167,5.0,M10,0.002801994756818373
dm-test-2c37d44d03ce2e91310339d884d33ee5aabf9abc,4.859955507005049,5.0,M23,6.44964348377323e-05
dm-test-4e0de0ec6d5b9df174f54d03158de8f30aac861f,4.65962374091253,5.0,M8,8.636843662184764e-05
dm-test-97bbda7ec22a736cd174b51513c72a6372d13d35,4.636950657237992,5.0,M15,0.0011055282329343016
dm-test-0cdd7cdb5d99c36f25f1f4fa0e962d558f7ff07b,4.851413790116732,5.0,M14,0.00016985876441888832
dm-test-18243373494a1722ddcd162ec67b63dd749633ab,4.979164843790156,5.0,M0,2.573789002213107e-06
dm-test-0f0789390d67698283cc87b2e046b5c5cd77edb7,4.991003431573928,5.0,M23,9.036073479650322e-07
dm-test-4e0de0ec6d5b9df174f54d03158de8f30aac861f,4.463393683699707,5.0,M15,0.0018204617194973033
cnn-test-fbbafa743a8c2ecd2cedf65c6c61956b2db8ec5c,4.7800712500884375,5.0,M15,8.171374813860445e-05
cnn-test-4761dc6d8bdf56b9ada97104113dd1bcf4aed3f1,2.9786690052430056,2.0,M20,0.0004562372115935275
dm-test-2a48112ddee712f2364f128076cb2db555a043b1,4.03140936483925,5.0,M8,0.0002899598648196013
dm-test-8b51a10370a1219137e231192e65b9cd52238ea6,4.913623210644117,5.0,M22,1.185312329469797e-05
dm-test-d296270ab4a4cf20f2d9c1aae7514687806f2b35,4.995634766396349,5.0,M12,7.445005639967684e-08
dm-test-8b51a10370a1219137e231192e65b9cd52238ea6,4.725634577225485,5.0,M17,0.00025038106920558624
cnn-test-a02e362c5b8f049848ce718b37b96117485461cf,4.068494532121407,5.0,M9,0.0006279591411313219
dm-test-dea0ed2e587495e516ac85056e21a2076a9a993c,3.801845834033012,5.0,M10,0.00020432234369424166
dm-test-31114653cd606fd3f4b1035f98dedd71f8282cd2,3.7441520407479842,4.333333333333333,M10,0.002325558895942178
dm-test-4a593dc4c7e0b4d09bfdc66bb315c47b54eb15df,4.6966173238426885,5.0,M22,0.00024343828437909634
dm-test-2abe0f81f5b22c8a406165717e3bd7fce6fe47c6,4.992358174306385,5.0,M0,4.904388227692958e-07
dm-test-b1f6faac3f406edca1e0cad8cce1319c83e62605,4.823795305050662,5.0,M2,0.00016858956097397647
dm-test-9b5a04b9879fe716a2dcd66dd331f99534603c16,4.265257889030668,5.0,M14,0.0009805169417332615
dm-test-9afda3cde191a883d8c166ceb5765eb53205d8f4,4.917035897994271,4.333333333333333,M12,0.0005276117225662977
dm-test-2cf8c2d1d2ceb1980249f77e703f9039e63799d0,3.4201323984300442,5.0,M15,0.000313253477822725
dm-test-6c1341bedf92a304318545fbf1aad88651de7909,4.6551567928645765,5.0,M13,0.00014380236126538057
dm-test-e470f0a87d7513bf880412524332047020422c3f,2.910025730318421,2.6666666666666665,M10,6.281987062203709e-05
dm-test-46609841ffd23e9c22d1507edf7b176ecc4d834f,4.817829051021045,5.0,M17,4.751237137809032e-05
dm-test-cf4ba8f94f2dd5604eb8f8a4e655c10cf0996365,4.92595771217057,5.0,M1,2.9559602580945522e-05
dm-test-cf4ba8f94f2dd5604eb8f8a4e655c10cf0996365,4.892433608870249,5.0,M22,0.00018117711675265673
dm-test-7cba80e83b222801fed8d6f96e8c0aa381c54b28,4.643219755453261,5.0,M9,0.00029647178458440187
dm-test-14c813567696f4e63a39993c09d4edb454036179,2.620844407765403,5.0,M15,0.0007866538700129434
dm-test-c50d33e9749e7bb484d9b69c4f5fca35a3a50cb5,2.4772350038354913,5.0,M20,0.0044009590105234565
dm-test-8764fb95bfad8ee849274873a92fb8d6b400eee2,4.878659993043446,5.0,M23,0.0002110835378040357
cnn-test-e49792c337d3f4c13e22f710efa44cf6a4e59aba,1.0682056636929171,2.3333333333333335,M10,5.405367868543898e-06
dm-test-4f3b35b540ba05f0f82d71a694ec23dde4dc3e01,4.85416267836366,5.0,M13,0.0001734660772387376
cnn-test-c05bda9b387ec8ae43803170b6f59b4b82505db9,4.9657319529072455,5.0,M0,2.3255112242752236e-05
dm-test-31114653cd606fd3f4b1035f98dedd71f8282cd2,4.973472996893123,5.0,M12,1.4643325262996872e-06
cnn-test-bcdb32ae644040a721da880fff9c1d502048cd8b,4.368141088692432,5.0,M23,0.00010409419550889854
dm-test-096e418a953af86df0d1560bec95bc7bfee2e34b,4.411637489984914,5.0,M5,0.0004221050589577437
dm-test-bd4684a0f5af5dd6ac88d2fb50f902bd7f10217b,4.704755908770542,5.0,M23,0.0001754464770880164
dm-test-155754e1f2bc83f6836af78703edd4d00f19f381,4.869303342954319,5.0,M5,6.23133291093591e-05
dm-test-207df192edc1836250b69d1bc5b9e6a38206eb78,3.9774107862578965,5.0,M1,0.0013165640774569006
dm-test-4e0de0ec6d5b9df174f54d03158de8f30aac861f,3.356585725703006,1.3333333333333333,M13,0.0002652220289468473
dm-test-801763443e6c73e3857039f2223798b2b58bef19,4.986240669616502,5.0,M5,9.330157021050122e-07
dm-test-d296270ab4a4cf20f2d9c1aae7514687806f2b35,4.9132422971191065,5.0,M17,9.201942768222358e-05
dm-test-02c955067d00f38b6978b805d5a8701a787f78ac,4.550846876291,5.0,M5,0.0018603054486398048
dm-test-26e4e19d945cedcb489f28808c730658139c9415,4.168568753509729,5.0,M17,0.0011801215883082213
dm-test-051db270afc32571a08c15124330efe89d80fea8,4.892407008940195,5.0,M2,9.283628322887598e-05
dm-test-632cfdb03aacd90a34a470f6a70b47eee62ec5f0,4.181120665297338,5.0,M12,0.0003205313886329287
dm-test-096e418a953af86df0d1560bec95bc7bfee2e34b,4.088240603690021,5.0,M9,0.0016650316424442265
dm-test-dea0ed2e587495e516ac85056e21a2076a9a993c,3.021602493125963,5.0,M9,0.008240900007243371
dm-test-632cfdb03aacd90a34a470f6a70b47eee62ec5f0,4.403822407921519,5.0,M8,3.3999490814998207e-05
dm-test-d3c9ce137ba24a69253508b3416630465c050ae4,4.274111117047434,4.666666666666667,M10,0.0007115414212879929
dm-test-0cdd7cdb5d99c36f25f1f4fa0e962d558f7ff07b,4.99201727318554,5.0,M5,1.5404935450226128e-07
dm-test-81bd721b16cad47dfd8d24baca5b30b006291db2,3.211284775495794,4.666666666666667,M14,0.0007371568865014615
dm-test-e880fda4c25289f8325574246f0f8ed4ff5eb26b,4.956561214114978,5.0,M1,2.6774937446810585e-06
dm-test-2abe0f81f5b22c8a406165717e3bd7fce6fe47c6,4.869840348717698,5.0,M8,6.164670678490195e-05
cnn-test-b1c3fc03a2b74cf4c79844c1fe2fdce70a8a436e,3.0496224812144783,5.0,M9,0.0010567538893668125
dm-test-b5bc2ae78441e4ac08fb01823d5fc0f1627c3166,4.818490735491303,5.0,M14,3.69801981856138e-05
dm-test-eeef09d26cf30c2124c0399b08eedc6321fe5d20,3.11032236148884,5.0,M20,0.0005779061315593975
dm-test-d83b82a9cd504218e604616be3f3c3928e3428b8,4.991979705716824,5.0,M13,4.2019921852447395e-07
dm-test-fadabe346fe95d33eee71299e6596754768f5246,3.841794295737214,5.0,M11,0.002262047075930436
dm-test-b255397ee863bd8faf9def57c0f76769153d905e,4.968591014652531,5.0,M12,5.0252912377704704e-05
dm-test-207df192edc1836250b69d1bc5b9e6a38206eb78,2.918127524846052,5.0,M15,0.0008717902211741541
dm-test-c50d33e9749e7bb484d9b69c4f5fca35a3a50cb5,4.4694066541336195,5.0,M15,0.006940631942006288
dm-test-2cf8c2d1d2ceb1980249f77e703f9039e63799d0,3.087764270943849,5.0,M14,0.00040177694703447803
dm-test-4a593dc4c7e0b4d09bfdc66bb315c47b54eb15df,4.790162809708319,5.0,M23,1.059066101544205e-06
dm-test-14c813567696f4e63a39993c09d4edb454036179,4.652630711752222,5.0,M14,0.00020974574982252233
dm-test-207df192edc1836250b69d1bc5b9e6a38206eb78,4.100716053685413,5.0,M8,0.00025317102369009595
dm-test-0cd10ad50ceef529d96a255ed12ac9cd001ba9db,2.3850042562502174,4.0,M11,0.00045095504541435675
dm-test-d83b82a9cd504218e604616be3f3c3928e3428b8,1.4338797643114867,2.6666666666666665,M11,0.00044502709540343084
dm-test-9afda3cde191a883d8c166ceb5765eb53205d8f4,3.514817782079111,5.0,M17,0.00016830270374993883
dm-test-998cb27197db1fd299aff3322ac041ba4bf1148f,4.890257452262084,5.0,M8,8.95164065722172e-05
dm-test-2feca9acf532e33f1ab7442c442c8e19787d8d7b,3.7663381744321285,5.0,M12,0.00014476032536239064
dm-test-eeef09d26cf30c2124c0399b08eedc6321fe5d20,4.010280651857451,5.0,M12,0.00015373136230451093
dm-test-6372eff07fd3d6f578f90d6115e01747edccc095,4.9331686314220375,5.0,M15,5.943712177659713e-06
dm-test-f468efac7b3c54f8c42c2c81dff108c52ebe0d7d,4.868191229434137,5.0,M2,0.0002898713682730128
dm-test-632cfdb03aacd90a34a470f6a70b47eee62ec5f0,4.978339102141871,5.0,M1,5.956061786086049e-06
dm-test-0783c68a744df6afa009d16e72709f2b4d90dea1,3.8146644882704237,2.3333333333333335,M10,0.001918541903962787
cnn-test-5139ccfabee55ddb83e7937f5802c0a67aee8975,3.2099499768560507,4.333333333333333,M9,0.0014734759310141134
dm-test-998cb27197db1fd299aff3322ac041ba4bf1148f,2.656412917676284,4.666666666666667,M9,0.0003348276879881336
dm-test-3ba3bde4a1440134bb38ec22ba50db59986b544c,4.689542858468714,4.333333333333333,M14,0.0010706859070209577
dm-test-46609841ffd23e9c22d1507edf7b176ecc4d834f,4.681221867977083,5.0,M8,0.0007674502109017497
dm-test-2cf8c2d1d2ceb1980249f77e703f9039e63799d0,1.096122845974771,1.6666666666666667,M11,0.00014532999171192135
cnn-test-b1c3fc03a2b74cf4c79844c1fe2fdce70a8a436e,4.772307742641184,5.0,M17,0.0002660971330538191
dm-test-2c37d44d03ce2e91310339d884d33ee5aabf9abc,3.216309833297224,5.0,M15,0.00026902630179576027
dm-test-6c1341bedf92a304318545fbf1aad88651de7909,3.75329486142464,3.0,M8,0.0006180202029788305
dm-test-d89de9c2a76f2665560becfe5d761a4fc62b9926,4.914975003172588,5.0,M23,7.381680291725806e-05
dm-test-8e6c8aec6808f66ed0342e128a4e146f3ecd627d,4.951225582054986,4.333333333333333,M0,1.2826337348344414e-05
dm-test-8764fb95bfad8ee849274873a92fb8d6b400eee2,2.064527363552105,5.0,M20,2.8493075486234552e-05
dm-test-051db270afc32571a08c15124330efe89d80fea8,4.820080660348731,5.0,M23,0.00010801279026202975
dm-test-b5bc2ae78441e4ac08fb01823d5fc0f1627c3166,4.28300354610614,5.0,M1,0.00012280325307220907
dm-test-632cfdb03aacd90a34a470f6a70b47eee62ec5f0,4.874500250968241,5.0,M23,0.00021464171309568846
dm-test-cf4ba8f94f2dd5604eb8f8a4e655c10cf0996365,4.672347383543768,5.0,M23,0.00012506427875117178
dm-test-2a48112ddee712f2364f128076cb2db555a043b1,1.0249243493672737,2.0,M20,1.8265089379895407e-05
dm-test-207df192edc1836250b69d1bc5b9e6a38206eb78,2.8784791469726847,5.0,M9,0.002605691057511304
dm-test-c6667409fcdea2c89ba9f0d3a72c50e3967b4b1b,4.763214684552564,5.0,M12,0.00018392043950775334
dm-test-31114653cd606fd3f4b1035f98dedd71f8282cd2,2.265095793649754,5.0,M20,0.002861366222688333
dm-test-c16c9fa34ccae7e2b9e29c3988ccb74974c4b3c0,4.997619849274294,5.0,M5,1.5321155410635992e-07
dm-test-e428e25bbf8e06643154ce31b7c6fab64c81e857,4.525235406203767,5.0,M9,5.732890895575691e-05
dm-test-2cf8c2d1d2ceb1980249f77e703f9039e63799d0,3.860254307454184,5.0,M5,1.1390097468015787e-07
dm-test-f26d8400ae49b90d109c165d0f44b8f6ca253c08,4.552553718056042,5.0,M20,0.00017924025531142188
dm-test-14c813567696f4e63a39993c09d4edb454036179,2.688189302651865,5.0,M2,0.00272318254903374
cnn-test-a02e362c5b8f049848ce718b37b96117485461cf,4.959975375172439,5.0,M22,9.519695990277506e-06
dm-test-b5925c1a02fa9a8f6b1d5ad764c19a732deac0df,4.99197029233977,5.0,M2,1.5469463027736778e-06
dm-test-f37fd6e9b6cc18a7132568e307ef3b130931e809,4.873722518420309,5.0,M5,0.00010779921619468104
dm-test-d296270ab4a4cf20f2d9c1aae7514687806f2b35,4.988272057613548,5.0,M2,4.192910908799636e-06
dm-test-7cba80e83b222801fed8d6f96e8c0aa381c54b28,4.620037629637201,5.0,M14,0.0002743742675658215
dm-test-0783c68a744df6afa009d16e72709f2b4d90dea1,4.926690471766934,5.0,M22,6.110660631709746e-10
dm-test-bd4684a0f5af5dd6ac88d2fb50f902bd7f10217b,4.691476582235746,5.0,M17,0.00016479426711965816
dm-test-1749a22e2b6facaa057213cb9b33261b319bbd2b,4.883375375061634,5.0,M23,9.593602272815535e-05
dm-test-3785743303ddb8b594be7c449a37458b99e83812,4.940245284047991,5.0,M1,4.0401937920758664e-06
dm-test-4001b252a072ac149c70840b22299cc6cfab3bae,3.004251238835776,5.0,M14,0.0008291849791129943
dm-test-8b51a10370a1219137e231192e65b9cd52238ea6,2.6317180756974183,4.333333333333333,M20,4.872127774215481e-06
dm-test-8b59fa7715418c4bcc0d50e3caeb239129de453e,4.7301330903566825,5.0,M17,5.848670839162598e-05
dm-test-2c6695b438980783754f7db28129ec2fbb3e6e21,4.511839121862748,4.666666666666667,M22,0.0004104732331399209
cnn-test-bcdb32ae644040a721da880fff9c1d502048cd8b,4.674349126139039,5.0,M2,0.00044886910711472975
dm-test-8e6c8aec6808f66ed0342e128a4e146f3ecd627d,4.955649447242341,5.0,M1,1.2256723815230384e-05
dm-test-54b857a66cbd8473d6732e5da52d48612e636a37,4.236204991861262,5.0,M11,0.0030461912425685887
dm-test-d3c9ce137ba24a69253508b3416630465c050ae4,2.1779220445243594,5.0,M20,3.742196833269468e-05
dm-test-7cba80e83b222801fed8d6f96e8c0aa381c54b28,4.988139196430882,5.0,M17,9.917552859986617e-07
dm-test-4001b252a072ac149c70840b22299cc6cfab3bae,4.839681032891641,5.0,M22,7.241148961817769e-05
dm-test-3785743303ddb8b594be7c449a37458b99e83812,4.469818609318106,5.0,M12,0.00012022390341796945
dm-test-6f027d030f9ca86446dc893f1d10ced4c9a3561f,4.358146153615475,4.666666666666667,M12,0.0006321223905670956
cnn-test-b1c3fc03a2b74cf4c79844c1fe2fdce70a8a436e,2.7597881185134776,4.666666666666667,M8,0.0002536186184501998
dm-test-9b1af0f993d78353ebd56a1b180e882e751527b3,4.690173575970732,5.0,M1,2.1991803015207653e-05
cnn-test-e2bccd4dec93c9bb7b327827dae004c2d494ec31,4.988219486868963,5.0,M23,9.263001310666027e-07
dm-test-e880fda4c25289f8325574246f0f8ed4ff5eb26b,4.876537356587684,5.0,M12,0.00012107546295909478
dm-test-8847383b72167c3f3dd2161b5b091b580c8f4da7,4.984366433974438,5.0,M12,2.9535799252814376e-06
dm-test-a3b6201aca77b5bdaa5df02d6acee2be66233237,1.5799273891563324,2.3333333333333335,M11,0.0020402681171087155
cnn-test-d75b043ebefc3098aea84d92bb8bec0f509b1563,4.965848631775712,5.0,M1,1.8419316213999308e-06
dm-test-14c813567696f4e63a39993c09d4edb454036179,3.573808387547968,4.333333333333333,M8,0.0001616981743737466
dm-test-4a593dc4c7e0b4d09bfdc66bb315c47b54eb15df,4.555365871141232,5.0,M15,5.4318297942577074e-05
dm-test-6721edf88c95f480a4db2c63649dbb03736aeadf,3.0169956787764383,5.0,M1,0.0010358906008659627
dm-test-c16c9fa34ccae7e2b9e29c3988ccb74974c4b3c0,3.8866172306683042,5.0,M10,0.0024329026108765362
dm-test-8bc8f134bc3ceaeec0df8f29e96e13d319717ab8,4.951246799790648,5.0,M1,5.761194463311657e-06
dm-test-0cdd7cdb5d99c36f25f1f4fa0e962d558f7ff07b,4.953194090020839,5.0,M22,6.811726042094701e-06
dm-test-4f3b35b540ba05f0f82d71a694ec23dde4dc3e01,4.936216040039718,5.0,M5,5.656128024657098e-05
dm-test-d680ebcdcd59fd5ee9b602a06bcd5230c212835b,4.987588363855979,5.0,M1,5.117253527410804e-06
dm-test-2c37d44d03ce2e91310339d884d33ee5aabf9abc,3.318283383107451,5.0,M12,6.89211510520729e-07
dm-test-54b857a66cbd8473d6732e5da52d48612e636a37,3.1522651973165905,5.0,M9,0.0038854286547302546
dm-test-1747dcd6a007ee97954b6b10cde549bf82f6a4eb,4.5952434510514255,5.0,M23,0.0002038266649322338
dm-test-02c955067d00f38b6978b805d5a8701a787f78ac,4.491712156088832,5.0,M8,0.0001595580715851609
dm-test-1749a22e2b6facaa057213cb9b33261b319bbd2b,4.5971431638459235,5.0,M12,0.00028494505502609505
dm-test-8b51a10370a1219137e231192e65b9cd52238ea6,4.731012956959473,5.0,M9,0.0002492346290305533
dm-test-632cfdb03aacd90a34a470f6a70b47eee62ec5f0,4.922861233251557,5.0,M20,8.703520259912776e-05
cnn-test-d75b043ebefc3098aea84d92bb8bec0f509b1563,3.740155200923484,5.0,M14,0.0008501406239079981
dm-test-1747dcd6a007ee97954b6b10cde549bf82f6a4eb,4.987586404212001,5.0,M11,1.8765027919278897e-06
dm-test-2feca9acf532e33f1ab7442c442c8e19787d8d7b,3.0085106443718996,2.6666666666666665,M23,0.001763011404063181
cnn-test-404f859482d47c127868964a9a39d1a7645dd2e9,4.384055974026298,5.0,M15,0.0007471496596246508
dm-test-0cdd7cdb5d99c36f25f1f4fa0e962d558f7ff07b,4.866127789038603,5.0,M8,1.333585091379933e-05
dm-test-b5bc2ae78441e4ac08fb01823d5fc0f1627c3166,4.564893906108098,5.0,M2,0.004796225100643146
dm-test-0cd10ad50ceef529d96a255ed12ac9cd001ba9db,4.592972744909261,5.0,M14,2.2651669485877862e-05
dm-test-2cf8c2d1d2ceb1980249f77e703f9039e63799d0,1.1535703397816781,4.333333333333333,M20,0.0005414800566241136
dm-test-4a593dc4c7e0b4d09bfdc66bb315c47b54eb15df,4.9604379485029355,5.0,M1,8.23608486948029e-05
dm-test-1747dcd6a007ee97954b6b10cde549bf82f6a4eb,4.943841037016475,5.0,M8,4.757753382839775e-06
dm-test-c50d33e9749e7bb484d9b69c4f5fca35a3a50cb5,4.772100012293222,5.0,M22,6.521593046206274e-06
dm-test-c6667409fcdea2c89ba9f0d3a72c50e3967b4b1b,2.8298526353653113,5.0,M9,7.701846938536636e-06
dm-test-4e0de0ec6d5b9df174f54d03158de8f30aac861f,3.994587647878226,3.6666666666666665,M11,0.00010958068473982912
dm-test-23e8c1d71474d239aa9ae37b9a05031b0054b8ce,4.2046902689019445,5.0,M12,2.1547538051856257e-06
dm-test-f5fead94ee884800e84a212cc0edc78b11c4ba9f,1.4897108828362806,4.333333333333333,M20,2.43426883382663e-05
dm-test-dea0ed2e587495e516ac85056e21a2076a9a993c,2.8748023869478443,5.0,M15,0.00016682336941238547
dm-test-bd4684a0f5af5dd6ac88d2fb50f902bd7f10217b,1.4572524578275257,4.333333333333333,M14,0.007733750156397193
dm-test-6f027d030f9ca86446dc893f1d10ced4c9a3561f,4.853253990670285,5.0,M13,1.2634622454974823e-05
dm-test-8847383b72167c3f3dd2161b5b091b580c8f4da7,4.9611209890647885,5.0,M23,4.460195757934892e-06
dm-test-2377095dda83df778e34304b7a09813808105d3b,4.776870991734421,5.0,M14,0.0003242667694803737
cnn-test-5139ccfabee55ddb83e7937f5802c0a67aee8975,4.500686466544837,5.0,M17,0.008906800051470171
dm-test-8847383b72167c3f3dd2161b5b091b580c8f4da7,4.995636161216256,5.0,M1,3.897440166786616e-08
dm-test-207df192edc1836250b69d1bc5b9e6a38206eb78,4.512802579422042,5.0,M22,0.0005514558073955414
dm-test-4a593dc4c7e0b4d09bfdc66bb315c47b54eb15df,4.258494685587928,5.0,M14,0.00015105015944217549
dm-test-d3c9ce137ba24a69253508b3416630465c050ae4,4.799641211238122,5.0,M22,5.95107984456681e-05
cnn-test-a02e362c5b8f049848ce718b37b96117485461cf,4.726978311073299,5.0,M12,1.1147683571163529e-05
dm-test-0cd10ad50ceef529d96a255ed12ac9cd001ba9db,4.794937428477594,5.0,M15,2.8956864428572636e-05
dm-test-2cf8c2d1d2ceb1980249f77e703f9039e63799d0,4.747110347488639,5.0,M2,0.0004977153423987654
cnn-test-4761dc6d8bdf56b9ada97104113dd1bcf4aed3f1,4.94867327851481,5.0,M13,7.402430056999033e-05
dm-test-d296270ab4a4cf20f2d9c1aae7514687806f2b35,4.991600895709213,5.0,M1,1.9276448104255245e-06
dm-test-8bc8f134bc3ceaeec0df8f29e96e13d319717ab8,4.770033036773155,5.0,M22,0.00015390731152574287
dm-test-2cf8c2d1d2ceb1980249f77e703f9039e63799d0,3.303447574000226,5.0,M12,0.001497653779315909
dm-test-2abe0f81f5b22c8a406165717e3bd7fce6fe47c6,3.084589443334587,4.666666666666667,M10,0.003214851549872793
cnn-test-5139ccfabee55ddb83e7937f5802c0a67aee8975,4.965673117112802,5.0,M2,0.0001720706966283217
dm-test-46609841ffd23e9c22d1507edf7b176ecc4d834f,4.98455973912844,5.0,M5,5.502155883318881e-06
dm-test-5be0a9584b051175d9f4842a143b76385335d96a,4.985994626839466,5.0,M23,1.1339691717297865e-05
dm-test-e7d8b6617691ea00d4ddc5fe2b7cbd105ba9a57e,4.895221512282056,5.0,M17,8.678606010274746e-05
dm-test-6372eff07fd3d6f578f90d6115e01747edccc095,4.850506959339137,5.0,M9,0.0001309851968431234
dm-test-0cdd7cdb5d99c36f25f1f4fa0e962d558f7ff07b,4.665393964969437,5.0,M10,2.443675217246596e-06
dm-test-b255397ee863bd8faf9def57c0f76769153d905e,4.8453253195197,5.0,M23,0.0001628544844030915
dm-test-9b1af0f993d78353ebd56a1b180e882e751527b3,2.4584883762109246,5.0,M11,0.0018853124945641259
dm-test-02c955067d00f38b6978b805d5a8701a787f78ac,4.445542524421183,5.0,M2,0.0005219529346117793
cnn-test-bcdb32ae644040a721da880fff9c1d502048cd8b,3.56697587924047,5.0,M13,0.0002901180304751323
dm-test-b255397ee863bd8faf9def57c0f76769153d905e,3.3988427235846173,5.0,M9,4.046594886877026e-06
dm-test-e428e25bbf8e06643154ce31b7c6fab64c81e857,2.1775590612594202,5.0,M11,0.000697785496902817
dm-test-6c1341bedf92a304318545fbf1aad88651de7909,2.658656549963191,4.666666666666667,M20,0.0002486235715578706
dm-test-31114653cd606fd3f4b1035f98dedd71f8282cd2,4.974648484807003,5.0,M5,7.155998185575846e-07
dm-test-0f0789390d67698283cc87b2e046b5c5cd77edb7,3.726273932288392,5.0,M10,1.5103858683644469e-05
cnn-test-404f859482d47c127868964a9a39d1a7645dd2e9,4.606505288251524,5.0,M22,7.5077610903030815e-06
dm-test-b1f6faac3f406edca1e0cad8cce1319c83e62605,4.856535334443036,5.0,M14,9.775113541932204e-05
dm-test-1747dcd6a007ee97954b6b10cde549bf82f6a4eb,4.9957348792848135,5.0,M0,3.346406439279339e-07
dm-test-8764fb95bfad8ee849274873a92fb8d6b400eee2,4.97094296177227,5.0,M12,7.888609052210118e-31
dm-test-7cba80e83b222801fed8d6f96e8c0aa381c54b28,4.937168283576224,5.0,M13,5.35860304427793e-06
dm-test-0cd10ad50ceef529d96a255ed12ac9cd001ba9db,4.898106828851931,5.0,M5,6.025433563195521e-05
dm-test-8b59fa7715418c4bcc0d50e3caeb239129de453e,4.846510443134462,5.0,M12,6.291463756588935e-05
dm-test-2c6695b438980783754f7db28129ec2fbb3e6e21,4.617308549236442,5.0,M17,0.00021582995726378518
dm-test-f468efac7b3c54f8c42c2c81dff108c52ebe0d7d,1.9351321337108005,4.0,M15,0.0014243015756244897
dm-test-9b1af0f993d78353ebd56a1b180e882e751527b3,3.0283117716665697,5.0,M12,0.006187408039279155
dm-test-096e418a953af86df0d1560bec95bc7bfee2e34b,4.841822793959746,5.0,M17,0.00010476261901552276
dm-test-130ff8f2dfb6ab67861d5924b0ff5acd63c7d8ce,4.300640466895712,5.0,M13,0.0008827842088620516
dm-test-46609841ffd23e9c22d1507edf7b176ecc4d834f,4.1475517043687296,5.0,M22,0.0006759679646411432
dm-test-6c1341bedf92a304318545fbf1aad88651de7909,2.1020440884210707,2.0,M10,0.000208298675341016
dm-test-c16c9fa34ccae7e2b9e29c3988ccb74974c4b3c0,4.905927189654614,5.0,M17,2.4807978718750766e-05
dm-test-9b5a04b9879fe716a2dcd66dd331f99534603c16,4.393909203178237,5.0,M17,0.002984652610067943
dm-test-096e418a953af86df0d1560bec95bc7bfee2e34b,4.874833102013904,5.0,M0,0.00010371542498562397
dm-test-8764fb95bfad8ee849274873a92fb8d6b400eee2,1.7433667236114716,5.0,M9,0.001011193247850553
dm-test-f37fd6e9b6cc18a7132568e307ef3b130931e809,4.796766407048284,5.0,M0,0.0004584609571541899
dm-test-0783c68a744df6afa009d16e72709f2b4d90dea1,4.9493567414340855,5.0,M12,6.254808711012466e-06
dm-test-9b5a04b9879fe716a2dcd66dd331f99534603c16,2.092318299065947,4.0,M11,2.8073907763790166e-05
dm-test-e43eef75de38d246db9d80216ca9f5487215a78b,4.128932652650542,4.666666666666667,M2,0.0008599298015918442
dm-test-155754e1f2bc83f6836af78703edd4d00f19f381,4.860570971304314,5.0,M23,9.931039530789389e-05
dm-test-d83b82a9cd504218e604616be3f3c3928e3428b8,4.692682545014551,5.0,M17,0.000566586848335454
dm-test-f468efac7b3c54f8c42c2c81dff108c52ebe0d7d,3.1516990573195103,5.0,M9,0.0008613851108979148
cnn-test-c05bda9b387ec8ae43803170b6f59b4b82505db9,1.657235291498488,1.0,M11,0.005451699607861165
dm-test-0cd10ad50ceef529d96a255ed12ac9cd001ba9db,4.989293154680023,5.0,M23,7.316046704712034e-07
dm-test-0f0789390d67698283cc87b2e046b5c5cd77edb7,4.995003221911888,5.0,M22,2.8679232545008913e-08
dm-test-03e271b4305517e02c9ead82d57327d32b99102e,4.960113155212392,5.0,M14,3.840595545612235e-06
dm-test-6f027d030f9ca86446dc893f1d10ced4c9a3561f,4.676252591571504,5.0,M17,0.0005571335456508521
dm-test-9d0fcbd873927674d12aafce4ae7754fd591d4e2,4.485679172025617,5.0,M23,1.2688348930432194e-05
dm-test-2abe0f81f5b22c8a406165717e3bd7fce6fe47c6,4.974619865708573,5.0,M2,2.4149941253983862e-05
dm-test-9beaaf73e4517d5bf1bc284f386485d571da96cf,4.909302928841733,5.0,M5,9.495667590247788e-06
cnn-test-88c2481234e763c9bbc68d0ab1be1d2375c1349a,4.8898985148031056,5.0,M0,0.0004031599124129445
cnn-test-404f859482d47c127868964a9a39d1a7645dd2e9,4.971392323395073,5.0,M2,1.1575212171518736e-06
cnn-test-a02e362c5b8f049848ce718b37b96117485461cf,2.607399464340976,2.6666666666666665,M10,6.198962168321828e-05
dm-test-03e271b4305517e02c9ead82d57327d32b99102e,4.985682401320288,5.0,M2,1.6476134844425618e-07
dm-test-4001b252a072ac149c70840b22299cc6cfab3bae,4.99234548377282,5.0,M5,9.511329299892733e-07
dm-test-808a439a5d83fc47baaea934c8779a7ebc62470d,1.0058764599445627,1.3333333333333333,M20,4.315918559075608e-08
dm-test-e7d8b6617691ea00d4ddc5fe2b7cbd105ba9a57e,4.9638291371614685,5.0,M0,1.7419668410345455e-06
dm-test-9afda3cde191a883d8c166ceb5765eb53205d8f4,4.987882483654847,5.0,M5,3.1315747654077503e-06
dm-test-8b51a10370a1219137e231192e65b9cd52238ea6,3.4231717301663536,5.0,M10,0.0010474571820873052
dm-test-8b59fa7715418c4bcc0d50e3caeb239129de453e,4.897195092169725,5.0,M13,4.187629752831547e-05
dm-test-b1f6faac3f406edca1e0cad8cce1319c83e62605,4.862164236501105,5.0,M23,3.9483455479342856e-05
cnn-test-fbbafa743a8c2ecd2cedf65c6c61956b2db8ec5c,4.5441853886145305,5.0,M12,0.00012066945433815456
dm-test-998cb27197db1fd299aff3322ac041ba4bf1148f,3.1021281591263477,5.0,M1,0.0050803924584443055
dm-test-c16c9fa34ccae7e2b9e29c3988ccb74974c4b3c0,4.949495143164556,4.333333333333333,M14,7.865816774878982e-06
cnn-test-d75b043ebefc3098aea84d92bb8bec0f509b1563,4.9861859649279205,5.0,M0,2.7649126063958462e-06
dm-test-03e271b4305517e02c9ead82d57327d32b99102e,4.9738818056707945,5.0,M22,2.3473871956529906e-05
dm-test-d89de9c2a76f2665560becfe5d761a4fc62b9926,2.6987372018639393,4.666666666666667,M11,5.833084676233582e-05
dm-test-6c1341bedf92a304318545fbf1aad88651de7909,4.946497483288808,5.0,M1,5.669086014918391e-08
dm-test-23e8c1d71474d239aa9ae37b9a05031b0054b8ce,4.941320622353427,5.0,M5,4.10676103367091e-05
dm-test-7cba80e83b222801fed8d6f96e8c0aa381c54b28,4.865904044784971,5.0,M2,4.2557452884543106e-05
dm-test-0f0789390d67698283cc87b2e046b5c5cd77edb7,4.987511178408893,5.0,M0,8.199079978314232e-07
dm-test-155754e1f2bc83f6836af78703edd4d00f19f381,4.107369273302541,5.0,M8,0.0014802596599658153
dm-test-f5fead94ee884800e84a212cc0edc78b11c4ba9f,4.986086737872311,5.0,M15,3.32721867098338e-06
dm-test-d89de9c2a76f2665560becfe5d761a4fc62b9926,4.9653777091986875,5.0,M1,2.245065681854992e-05
dm-test-207df192edc1836250b69d1bc5b9e6a38206eb78,2.0106059351077907,4.333333333333333,M11,0.00034644187742494787
dm-test-e470f0a87d7513bf880412524332047020422c3f,4.961965178740218,5.0,M13,3.573563515705368e-06
dm-test-d83b82a9cd504218e604616be3f3c3928e3428b8,3.69871616031257,5.0,M8,0.002344435281078768
cnn-test-b8b6e729fff27c4eef87887e61d3448de9c063f6,2.6674576662249785,5.0,M12,0.00045475863563913127
dm-test-03e271b4305517e02c9ead82d57327d32b99102e,2.712284708089304,4.666666666666667,M13,0.0018270951683125216
dm-test-02c955067d00f38b6978b805d5a8701a787f78ac,3.0168331335983027,5.0,M14,0.0005485667668735819
dm-test-e06ff0eb7c4fa4416fda84a9a239b15480c5a9d9,4.363844321039654,5.0,M15,0.001961763875063549
dm-test-eeef09d26cf30c2124c0399b08eedc6321fe5d20,3.032043291144345,5.0,M10,0.0014110145611842886
dm-test-b1f6faac3f406edca1e0cad8cce1319c83e62605,4.987937564730241,5.0,M5,3.285794546700266e-07
dm-test-b255397ee863bd8faf9def57c0f76769153d905e,4.920219410431203,5.0,M0,1.4769172932741322e-05
cnn-test-bcdb32ae644040a721da880fff9c1d502048cd8b,4.512726425122237,5.0,M20,6.0701743036701226e-05
dm-test-b255397ee863bd8faf9def57c0f76769153d905e,4.932444283586407,5.0,M14,4.4171595885240776e-05
dm-test-1749a22e2b6facaa057213cb9b33261b319bbd2b,4.875016505210168,5.0,M2,3.879014412945023e-05
dm-test-4a593dc4c7e0b4d09bfdc66bb315c47b54eb15df,4.99079545704732,5.0,M0,1.4980658049793895e-05
cnn-test-404f859482d47c127868964a9a39d1a7645dd2e9,3.8187170691044763,5.0,M20,0.0024912553904528284
dm-test-8e6c8aec6808f66ed0342e128a4e146f3ecd627d,3.4873173096653387,4.0,M9,4.904065401291085e-05
dm-test-b5bc2ae78441e4ac08fb01823d5fc0f1627c3166,4.44313890922411,5.0,M17,0.000600396775308666
dm-test-4e0de0ec6d5b9df174f54d03158de8f30aac861f,4.883820566389895,5.0,M22,2.1884347694417815e-05
dm-test-02c955067d00f38b6978b805d5a8701a787f78ac,1.4914444324382934,2.0,M11,0.0006142886693898072
dm-test-4a593dc4c7e0b4d09bfdc66bb315c47b54eb15df,4.961743160389296,5.0,M17,2.380825788180228e-05
dm-test-23e8c1d71474d239aa9ae37b9a05031b0054b8ce,4.701013592750935,5.0,M8,6.547929532045536e-05
dm-test-e470f0a87d7513bf880412524332047020422c3f,3.6909983542814073,5.0,M14,0.016738537925540378
dm-test-6c1341bedf92a304318545fbf1aad88651de7909,4.329421350545779,5.0,M12,0.001813475999303159
dm-test-c16c9fa34ccae7e2b9e29c3988ccb74974c4b3c0,2.6870164576981574,4.333333333333333,M20,0.00045630660557710996
dm-test-81bd721b16cad47dfd8d24baca5b30b006291db2,4.548223300009356,5.0,M9,0.00026528253756501874
dm-test-0f0789390d67698283cc87b2e046b5c5cd77edb7,4.955067019998742,5.0,M2,1.79297651354217e-08
dm-test-b1f6faac3f406edca1e0cad8cce1319c83e62605,4.926879335239086,5.0,M17,2.1414684831678876e-05
cnn-test-a02e362c5b8f049848ce718b37b96117485461cf,2.9023918006583944,5.0,M20,0.01748943084065036
cnn-test-b8b6e729fff27c4eef87887e61d3448de9c063f6,4.5842169422089025,2.6666666666666665,M5,0.0003069017744752901
cnn-test-bcdb32ae644040a721da880fff9c1d502048cd8b,4.975217014721404,5.0,M0,1.572833758027377e-05
dm-test-f37fd6e9b6cc18a7132568e307ef3b130931e809,4.936891325857202,5.0,M15,1.9411818534377937e-05
dm-test-7cba80e83b222801fed8d6f96e8c0aa381c54b28,4.978580225992663,5.0,M0,1.8585815558672218e-06
dm-test-632cfdb03aacd90a34a470f6a70b47eee62ec5f0,4.548076869526854,5.0,M13,4.552787272225668e-05
dm-test-130ff8f2dfb6ab67861d5924b0ff5acd63c7d8ce,4.898402080971224,5.0,M1,6.436777976131418e-05
dm-test-eeef09d26cf30c2124c0399b08eedc6321fe5d20,4.944189194331798,5.0,M0,1.4119002671087193e-05
dm-test-18243373494a1722ddcd162ec67b63dd749633ab,3.108302662273467,5.0,M15,8.254925792300949e-05
cnn-test-c05bda9b387ec8ae43803170b6f59b4b82505db9,2.8484080287682008,4.0,M9,0.0024247847612836387
dm-test-1747dcd6a007ee97954b6b10cde549bf82f6a4eb,4.962211121577496,5.0,M5,9.077825470530526e-06
dm-test-b5bc2ae78441e4ac08fb01823d5fc0f1627c3166,4.357705067913374,5.0,M22,0.0007100601940508957
dm-test-dea0ed2e587495e516ac85056e21a2076a9a993c,4.872926919465539,5.0,M5,7.665578770729508e-05
dm-test-8b51a10370a1219137e231192e65b9cd52238ea6,4.898852831826188,5.0,M2,7.997235658000302e-07
dm-test-d296270ab4a4cf20f2d9c1aae7514687806f2b35,4.751657572414176,5.0,M13,0.0002800500514297317
dm-test-7cba80e83b222801fed8d6f96e8c0aa381c54b28,4.882663080358685,5.0,M22,8.590203352675824e-05
cnn-test-fbbafa743a8c2ecd2cedf65c6c61956b2db8ec5c,4.855512726296906,5.0,M14,4.777512770686757e-05
dm-test-9beaaf73e4517d5bf1bc284f386485d571da96cf,4.946707043993703,5.0,M2,1.2470255421003916e-05
dm-test-9b1af0f993d78353ebd56a1b180e882e751527b3,1.7171580497746273,1.3333333333333333,M20,0.0008017723334828445
dm-test-f5fead94ee884800e84a212cc0edc78b11c4ba9f,2.5115852860745305,5.0,M11,0.0007440119369732064
dm-test-3785743303ddb8b594be7c449a37458b99e83812,4.76475188609619,5.0,M5,5.2214341812792655e-05
dm-test-e06ff0eb7c4fa4416fda84a9a239b15480c5a9d9,4.714131495730831,5.0,M1,0.00017242888995128223
dm-test-9b5a04b9879fe716a2dcd66dd331f99534603c16,4.618693987645775,5.0,M23,0.0003008085794315117
dm-test-155754e1f2bc83f6836af78703edd4d00f19f381,1.5043775565202009,4.666666666666667,M11,1.8937785410061613e-06
dm-test-0f0789390d67698283cc87b2e046b5c5cd77edb7,4.966100110001792,5.0,M13,3.931104668619537e-05
cnn-test-e2bccd4dec93c9bb7b327827dae004c2d494ec31,2.1023927001581386,4.333333333333333,M13,4.5392328091358486e-05
dm-test-998cb27197db1fd299aff3322ac041ba4bf1148f,4.997627427999992,5.0,M17,4.0576423706498174e-07
dm-test-801763443e6c73e3857039f2223798b2b58bef19,1.6736965743330643,1.6666666666666667,M20,0.0012673480056379677
dm-test-e06ff0eb7c4fa4416fda84a9a239b15480c5a9d9,4.958760684824903,5.0,M17,1.1468705426048112e-05
dm-test-14c813567696f4e63a39993c09d4edb454036179,4.789599080437016,5.0,M13,0.00010058865330661769
dm-test-d3c9ce137ba24a69253508b3416630465c050ae4,4.926247852527168,5.0,M1,8.188928853801085e-06
dm-test-e470f0a87d7513bf880412524332047020422c3f,1.1863042993502297,2.6666666666666665,M11,5.726697587506423e-08
dm-test-0cdd7cdb5d99c36f25f1f4fa0e962d558f7ff07b,4.995699461441382,5.0,M1,1.581476300220454e-07
dm-test-9beaaf73e4517d5bf1bc284f386485d571da96cf,3.154183438582606,5.0,M10,8.420901264210151e-07
dm-test-81bd721b16cad47dfd8d24baca5b30b006291db2,4.919723396643489,5.0,M2,2.2072650089121863e-07
dm-test-d83b82a9cd504218e604616be3f3c3928e3428b8,4.961636373558156,5.0,M12,6.061520737079406e-06
dm-test-8bc8f134bc3ceaeec0df8f29e96e13d319717ab8,4.919373534130442,5.0,M15,1.2175153201685544e-05
cnn-test-d75b043ebefc3098aea84d92bb8bec0f509b1563,4.9231652461628865,5.0,M5,0.0
dm-test-f26d8400ae49b90d109c165d0f44b8f6ca253c08,4.87630809210515,4.333333333333333,M23,2.5533287322014332e-08
dm-test-8e6c8aec6808f66ed0342e128a4e146f3ecd627d,4.932590455799918,5.0,M5,9.494718255298458e-06
dm-test-998cb27197db1fd299aff3322ac041ba4bf1148f,4.43964461326218,5.0,M20,0.005550482545761437
dm-test-9b5a04b9879fe716a2dcd66dd331f99534603c16,2.8930078573391116,4.666666666666667,M10,0.00027326266303908975
dm-test-0cdd7cdb5d99c36f25f1f4fa0e962d558f7ff07b,2.124856907838466,5.0,M11,8.058918086199359e-05
dm-test-23e8c1d71474d239aa9ae37b9a05031b0054b8ce,4.28345706053413,5.0,M14,0.0008237037291511807
dm-test-d680ebcdcd59fd5ee9b602a06bcd5230c212835b,4.123904662626272,3.0,M8,0.0005125675272599429
dm-test-2c6695b438980783754f7db28129ec2fbb3e6e21,2.7769774405255157,2.3333333333333335,M10,0.00017175446750052685
dm-test-e428e25bbf8e06643154ce31b7c6fab64c81e857,4.07166439935877,5.0,M17,1.7895327887363655e-06
cnn-test-5139ccfabee55ddb83e7937f5802c0a67aee8975,2.7929770940317717,2.0,M20,0.0009757575334065063
dm-test-801763443e6c73e3857039f2223798b2b58bef19,4.988106886271175,5.0,M15,2.1426043280850083e-07
cnn-test-c05bda9b387ec8ae43803170b6f59b4b82505db9,4.980540779296587,5.0,M1,2.219091247867214e-06
dm-test-0cd10ad50ceef529d96a255ed12ac9cd001ba9db,1.372665000376127,2.3333333333333335,M8,9.308833515021483e-05
dm-test-5be0a9584b051175d9f4842a143b76385335d96a,4.682944166976347,5.0,M2,5.3253428191090446e-08
dm-test-c50d33e9749e7bb484d9b69c4f5fca35a3a50cb5,3.6629115774416747,5.0,M14,5.6335310603972794e-05
dm-test-46609841ffd23e9c22d1507edf7b176ecc4d834f,4.04056529679716,4.666666666666667,M15,4.333100405643619e-06
dm-test-3ba3bde4a1440134bb38ec22ba50db59986b544c,4.965670298587844,5.0,M5,2.235498060689934e-05
dm-test-998cb27197db1fd299aff3322ac041ba4bf1148f,4.9215833381550365,5.0,M12,0.00015006308886865414
dm-test-b255397ee863bd8faf9def57c0f76769153d905e,1.9737514733023105,1.3333333333333333,M20,0.0003856580746992971
cnn-test-a02e362c5b8f049848ce718b37b96117485461cf,3.9741393107871636,5.0,M13,0.003206274039782635
dm-test-2c37d44d03ce2e91310339d884d33ee5aabf9abc,2.77483393112701,2.6666666666666665,M11,0.0025271617405732485
dm-test-2c6695b438980783754f7db28129ec2fbb3e6e21,4.277258224582726,4.666666666666667,M13,0.0013384088225166751
dm-test-9beaaf73e4517d5bf1bc284f386485d571da96cf,1.1790519062388272,1.3333333333333333,M20,0.0016844480526375925
dm-test-b255397ee863bd8faf9def57c0f76769153d905e,4.838819480736154,5.0,M8,0.00019592284231263708
dm-test-d296270ab4a4cf20f2d9c1aae7514687806f2b35,4.971620956010043,5.0,M0,7.881200270063565e-07
dm-test-9b1af0f993d78353ebd56a1b180e882e751527b3,4.90409046382811,5.0,M22,5.004121838873223e-05
dm-test-2cfc33d01364162579f46b2764914a03a29453ce,4.877061003832985,5.0,M2,0.0001196811161208529
dm-test-46609841ffd23e9c22d1507edf7b176ecc4d834f,4.996328429364316,5.0,M1,5.488628856425339e-07
dm-test-4e0de0ec6d5b9df174f54d03158de8f30aac861f,3.3618915607338264,5.0,M9,0.00040610617895908235
dm-test-f37fd6e9b6cc18a7132568e307ef3b130931e809,3.1557552888540465,5.0,M11,0.0012788476186266927
dm-test-97bbda7ec22a736cd174b51513c72a6372d13d35,4.825457782328938,5.0,M12,7.642154217202211e-05
dm-test-54b857a66cbd8473d6732e5da52d48612e636a37,4.952196877962984,5.0,M2,5.2584064435026505e-05
dm-test-4001b252a072ac149c70840b22299cc6cfab3bae,4.974121938981986,5.0,M0,2.954391527643224e-05
dm-test-4fb64a2298e18626db776fccf834be87388827e0,4.77596254242534,5.0,M10,7.768301969239418e-05
cnn-test-5139ccfabee55ddb83e7937f5802c0a67aee8975,4.9879652966222725,5.0,M13,2.6990472529949865e-06
dm-test-f468efac7b3c54f8c42c2c81dff108c52ebe0d7d,2.0857731493707377,5.0,M14,0.00041340399619117134
dm-test-2cf8c2d1d2ceb1980249f77e703f9039e63799d0,3.3829469761722315,4.666666666666667,M9,0.00048689766171009283
dm-test-4fb64a2298e18626db776fccf834be87388827e0,4.986740568498684,5.0,M0,6.020378628541907e-06
dm-test-a3b6201aca77b5bdaa5df02d6acee2be66233237,4.622710928565072,5.0,M12,0.000993957857048041
dm-test-096e418a953af86df0d1560bec95bc7bfee2e34b,4.029400013390572,5.0,M14,0.0003770031945949419
dm-test-2a48112ddee712f2364f128076cb2db555a043b1,3.0457958492870163,5.0,M10,0.0031899107622169443
dm-test-9beaaf73e4517d5bf1bc284f386485d571da96cf,2.576838798527341,5.0,M11,0.0002481213697753738
dm-test-d680ebcdcd59fd5ee9b602a06bcd5230c212835b,4.808482412046994,5.0,M13,1.0964805078389988e-06
dm-test-5be0a9584b051175d9f4842a143b76385335d96a,4.664976639529799,5.0,M14,2.032898558904913e-06
dm-test-4f3b35b540ba05f0f82d71a694ec23dde4dc3e01,4.951061123374274,5.0,M10,2.281370166512022e-05
cnn-test-e49792c337d3f4c13e22f710efa44cf6a4e59aba,4.694911184822665,5.0,M5,0.001698235803386428
dm-test-6c1341bedf92a304318545fbf1aad88651de7909,2.5993411752706113,5.0,M15,0.00038885042331537954
dm-test-2abe0f81f5b22c8a406165717e3bd7fce6fe47c6,4.58847862381471,5.0,M23,0.0012827504664621012
dm-test-0cd10ad50ceef529d96a255ed12ac9cd001ba9db,4.991076991158205,5.0,M10,1.087798473005922e-07
dm-test-f468efac7b3c54f8c42c2c81dff108c52ebe0d7d,1.461746998146727,4.666666666666667,M10,0.000376054929460794
dm-test-a3b6201aca77b5bdaa5df02d6acee2be66233237,4.94793227140042,5.0,M5,9.85996269963674e-06
dm-test-f37fd6e9b6cc18a7132568e307ef3b130931e809,4.870263283376223,5.0,M23,5.305957489249186e-05
dm-test-4a593dc4c7e0b4d09bfdc66bb315c47b54eb15df,1.3249597218340738,5.0,M11,0.0013980482529900974
dm-test-f37fd6e9b6cc18a7132568e307ef3b130931e809,4.708198327716682,5.0,M22,0.0005661956839756796
cnn-test-4761dc6d8bdf56b9ada97104113dd1bcf4aed3f1,4.513169406220005,5.0,M22,0.00027877863723904406
dm-test-7cba80e83b222801fed8d6f96e8c0aa381c54b28,4.741094464716738,5.0,M15,0.0015343642393187472
dm-test-3785743303ddb8b594be7c449a37458b99e83812,3.881688974271654,5.0,M22,0.000707468298438931
dm-test-2377095dda83df778e34304b7a09813808105d3b,4.849507260048049,5.0,M23,9.466999620842288e-05
dm-test-e470f0a87d7513bf880412524332047020422c3f,4.051413079662061,5.0,M8,0.0005686827757414476
cnn-test-fbbafa743a8c2ecd2cedf65c6c61956b2db8ec5c,4.807470447657523,5.0,M2,0.0003125140025251036
dm-test-9afda3cde191a883d8c166ceb5765eb53205d8f4,4.6092965056353865,5.0,M22,0.00012479098138786125
dm-test-23e8c1d71474d239aa9ae37b9a05031b0054b8ce,1.4613408062385533,1.0,M11,0.0032873599024743705
dm-test-1747dcd6a007ee97954b6b10cde549bf82f6a4eb,4.9215818549066,5.0,M13,5.24618014796602e-05
dm-test-d3c9ce137ba24a69253508b3416630465c050ae4,4.23163301921292,5.0,M12,0.0002837827532135809
dm-test-f26d8400ae49b90d109c165d0f44b8f6ca253c08,3.5368398310978852,5.0,M22,0.000314977085271078
dm-test-155754e1f2bc83f6836af78703edd4d00f19f381,4.853014896362478,5.0,M22,4.5945095953356454e-05
dm-test-0783c68a744df6afa009d16e72709f2b4d90dea1,4.993371324220996,5.0,M5,4.511876542330702e-06
dm-test-0cd10ad50ceef529d96a255ed12ac9cd001ba9db,4.997892526168924,5.0,M22,7.207267464336734e-08
dm-test-3ba3bde4a1440134bb38ec22ba50db59986b544c,1.4777661766729364,1.6666666666666667,M11,0.0035519955438685427
dm-test-e428e25bbf8e06643154ce31b7c6fab64c81e857,3.9545132658359434,5.0,M23,0.005006055791350531
dm-test-096e418a953af86df0d1560bec95bc7bfee2e34b,4.728905956945565,5.0,M2,0.00010394779421739764
dm-test-e7d8b6617691ea00d4ddc5fe2b7cbd105ba9a57e,4.929967313945178,5.0,M15,6.139283646460362e-06
dm-test-4fb64a2298e18626db776fccf834be87388827e0,4.91496467410569,5.0,M14,1.2166076459473445e-05
dm-test-c16c9fa34ccae7e2b9e29c3988ccb74974c4b3c0,4.976103478441958,5.0,M23,1.304643713946767e-08
cnn-test-e49792c337d3f4c13e22f710efa44cf6a4e59aba,3.1830634951881196,5.0,M8,0.0038752103392409795
cnn-test-e2bccd4dec93c9bb7b327827dae004c2d494ec31,4.532323621320811,4.666666666666667,M15,0.0002782541337690113
dm-test-5be0a9584b051175d9f4842a143b76385335d96a,4.977127615838092,5.0,M1,5.792889075317038e-06
dm-test-155754e1f2bc83f6836af78703edd4d00f19f381,4.343473663159331,5.0,M2,0.001544845667728239
dm-test-46609841ffd23e9c22d1507edf7b176ecc4d834f,3.9519922613044374,4.666666666666667,M9,0.0002853940971848482
dm-test-8b59fa7715418c4bcc0d50e3caeb239129de453e,4.9960047962370595,5.0,M0,1.1941059022374143e-07
dm-test-2cf8c2d1d2ceb1980249f77e703f9039e63799d0,1.2608158071409528,1.6666666666666667,M10,0.0009704177029635269
dm-test-c50d33e9749e7bb484d9b69c4f5fca35a3a50cb5,3.9833540556777423,5.0,M10,0.0002716092122744619
dm-test-e428e25bbf8e06643154ce31b7c6fab64c81e857,4.84895547576528,5.0,M14,7.395434694127197e-05
dm-test-d83b82a9cd504218e604616be3f3c3928e3428b8,4.900770766003337,5.0,M1,0.0004717222069720529
cnn-test-e49792c337d3f4c13e22f710efa44cf6a4e59aba,2.0519791519014574,4.666666666666667,M14,0.00045041283622246754
dm-test-6372eff07fd3d6f578f90d6115e01747edccc095,4.589864540086433,5.0,M8,9.102755948997682e-05
dm-test-207df192edc1836250b69d1bc5b9e6a38206eb78,2.27977593367309,5.0,M14,0.000387603113962935
dm-test-26e4e19d945cedcb489f28808c730658139c9415,2.9297269700803192,5.0,M9,0.0011915798923647612
dm-test-155754e1f2bc83f6836af78703edd4d00f19f381,3.703911485978143,5.0,M15,0.0031846239093239553
dm-test-02c955067d00f38b6978b805d5a8701a787f78ac,4.089772578112165,5.0,M17,0.0001282695825735849
cnn-test-b8b6e729fff27c4eef87887e61d3448de9c063f6,2.322601782887982,5.0,M10,1.2140501148574684e-10
dm-test-23e8c1d71474d239aa9ae37b9a05031b0054b8ce,4.834861254889028,5.0,M23,0.0001434232728657055
dm-test-096e418a953af86df0d1560bec95bc7bfee2e34b,1.0374611131813287,1.6666666666666667,M20,4.331343657694912e-06
cnn-test-e2bccd4dec93c9bb7b327827dae004c2d494ec31,1.0127489351777854,1.0,M11,4.853607678524462e-06
dm-test-d89de9c2a76f2665560becfe5d761a4fc62b9926,4.85813917181015,5.0,M9,2.24003441828636e-05
cnn-test-b1c3fc03a2b74cf4c79844c1fe2fdce70a8a436e,4.918448160576822,5.0,M1,6.090095651490759e-06
dm-test-2cfc33d01364162579f46b2764914a03a29453ce,4.9284987109528,5.0,M5,0.00010329470327458977
dm-test-dea0ed2e587495e516ac85056e21a2076a9a993c,4.8260770282047005,5.0,M8,0.0002257170322138083
dm-test-f5fead94ee884800e84a212cc0edc78b11c4ba9f,4.794347967267683,5.0,M8,6.945779778963466e-05
dm-test-0783c68a744df6afa009d16e72709f2b4d90dea1,4.9743331135529445,5.0,M20,1.9203100528186496e-05
dm-test-d3c9ce137ba24a69253508b3416630465c050ae4,4.737947432650318,5.0,M14,0.00010042133483638357
dm-test-2a48112ddee712f2364f128076cb2db555a043b1,4.937638416277375,5.0,M5,2.3181222042342304e-05
dm-test-9beaaf73e4517d5bf1bc284f386485d571da96cf,4.9255531686101275,5.0,M0,7.056262685109374e-05
dm-test-2feca9acf532e33f1ab7442c442c8e19787d8d7b,3.485982350924104,5.0,M9,0.00217354797097204
dm-test-2c6695b438980783754f7db28129ec2fbb3e6e21,4.603437945106309,5.0,M1,0.001997375954841904
dm-test-8b51a10370a1219137e231192e65b9cd52238ea6,4.705290358093427,5.0,M12,0.0005061248946676873
dm-test-23e8c1d71474d239aa9ae37b9a05031b0054b8ce,4.542679257580046,5.0,M15,0.00024843635783653166
dm-test-e7d8b6617691ea00d4ddc5fe2b7cbd105ba9a57e,4.5126305030839315,5.0,M10,0.0002490245354926957
dm-test-130ff8f2dfb6ab67861d5924b0ff5acd63c7d8ce,1.9069626198492613,2.3333333333333335,M11,6.544858467832716e-05
dm-test-03e271b4305517e02c9ead82d57327d32b99102e,1.8771523535644377,2.6666666666666665,M11,0.00017531465420590156
dm-test-207df192edc1836250b69d1bc5b9e6a38206eb78,3.2752505732683033,5.0,M5,8.400404249475271e-09
dm-test-096e418a953af86df0d1560bec95bc7bfee2e34b,1.6829053192718297,2.0,M11,0.0004547480869893575
dm-test-f468efac7b3c54f8c42c2c81dff108c52ebe0d7d,4.816642089441956,5.0,M5,3.352762612686723e-05
cnn-test-bcdb32ae644040a721da880fff9c1d502048cd8b,4.819335306513477,5.0,M5,0.00023529437467247034
dm-test-c50d33e9749e7bb484d9b69c4f5fca35a3a50cb5,4.9623132233419245,5.0,M0,7.953565278426684e-07
dm-test-81bd721b16cad47dfd8d24baca5b30b006291db2,4.646552710406754,5.0,M15,0.0003046787989703317
dm-test-1747dcd6a007ee97954b6b10cde549bf82f6a4eb,4.9770470780316405,5.0,M1,1.6414028841125298e-06
dm-test-6372eff07fd3d6f578f90d6115e01747edccc095,4.7720922167542605,5.0,M22,6.30207548622186e-05
dm-test-26e4e19d945cedcb489f28808c730658139c9415,2.961813867122745,5.0,M10,0.0009776864766996708
dm-test-bd4684a0f5af5dd6ac88d2fb50f902bd7f10217b,1.4186115656293339,2.3333333333333335,M8,0.001059967510732996
dm-test-18243373494a1722ddcd162ec67b63dd749633ab,4.720480747214792,5.0,M22,9.165957611988853e-05
cnn-test-c05bda9b387ec8ae43803170b6f59b4b82505db9,3.7093850969535054,5.0,M17,0.0034091304867025357
dm-test-e7d8b6617691ea00d4ddc5fe2b7cbd105ba9a57e,2.5827676394368524,5.0,M8,3.690232621549837e-05
dm-test-2377095dda83df778e34304b7a09813808105d3b,4.557841833647702,5.0,M22,0.0001402784212275664
dm-test-155754e1f2bc83f6836af78703edd4d00f19f381,4.3153555700184665,5.0,M12,0.0001505222791172084
dm-test-808a439a5d83fc47baaea934c8779a7ebc62470d,3.31442853066509,5.0,M14,0.004722265299183636
dm-test-81bd721b16cad47dfd8d24baca5b30b006291db2,4.717376389239852,5.0,M1,0.0006867609045867596
dm-test-d680ebcdcd59fd5ee9b602a06bcd5230c212835b,4.621196984489267,5.0,M10,0.00023449749098183544
cnn-test-e49792c337d3f4c13e22f710efa44cf6a4e59aba,2.2445778233839047,5.0,M20,0.0011234640327421569
dm-test-c6667409fcdea2c89ba9f0d3a72c50e3967b4b1b,4.9634655377293075,5.0,M8,1.6207353321426522e-09
dm-test-f26d8400ae49b90d109c165d0f44b8f6ca253c08,4.984327395965663,5.0,M1,5.402860745880199e-06
dm-test-f5fead94ee884800e84a212cc0edc78b11c4ba9f,4.966985881468899,5.0,M0,1.2342471355594415e-06
dm-test-2feca9acf532e33f1ab7442c442c8e19787d8d7b,2.226116399787455,5.0,M10,9.124328598444319e-05
dm-test-e880fda4c25289f8325574246f0f8ed4ff5eb26b,4.94400712267347,5.0,M22,5.494407172043228e-05
dm-test-4001b252a072ac149c70840b22299cc6cfab3bae,4.644484425445964,5.0,M15,0.0010948194624144777
dm-test-130ff8f2dfb6ab67861d5924b0ff5acd63c7d8ce,4.5641264038634,5.0,M12,0.0011416026906475635
dm-test-54b857a66cbd8473d6732e5da52d48612e636a37,4.893722077068135,5.0,M14,9.595204416451816e-05
dm-test-0cd10ad50ceef529d96a255ed12ac9cd001ba9db,2.45801812756968,5.0,M9,0.00020687829479928586
dm-test-7cba80e83b222801fed8d6f96e8c0aa381c54b28,1.8826960114833156,1.6666666666666667,M8,0.0014082476715719698
dm-test-130ff8f2dfb6ab67861d5924b0ff5acd63c7d8ce,2.871761466928138,5.0,M9,0.0013679071117627451
dm-test-97bbda7ec22a736cd174b51513c72a6372d13d35,2.004459547337217,4.666666666666667,M11,0.00013312981041010163
dm-test-2c6695b438980783754f7db28129ec2fbb3e6e21,4.694669241145915,5.0,M23,0.000126123725872659
dm-test-03e271b4305517e02c9ead82d57327d32b99102e,4.816131690106559,5.0,M1,6.663035404251822e-05
dm-test-2cf8c2d1d2ceb1980249f77e703f9039e63799d0,3.8365259316934655,5.0,M8,0.002014348490920824
dm-test-155754e1f2bc83f6836af78703edd4d00f19f381,4.467494933650039,5.0,M1,0.005580556943484578
dm-test-f26d8400ae49b90d109c165d0f44b8f6ca253c08,4.996310987261654,5.0,M5,2.737422520842256e-08
dm-test-02c955067d00f38b6978b805d5a8701a787f78ac,4.831054533090852,5.0,M1,4.386088171057845e-05
dm-test-b5bc2ae78441e4ac08fb01823d5fc0f1627c3166,4.74518930980965,5.0,M8,1.9099762768492355e-06
dm-test-998cb27197db1fd299aff3322ac041ba4bf1148f,4.891420092608593,5.0,M2,8.636290586379764e-05
cnn-test-88c2481234e763c9bbc68d0ab1be1d2375c1349a,3.9535327844117383,4.666666666666667,M9,0.0007241440685728749
dm-test-1747dcd6a007ee97954b6b10cde549bf82f6a4eb,3.199869247541732,5.0,M10,0.0007236523549306797
dm-test-e7d8b6617691ea00d4ddc5fe2b7cbd105ba9a57e,3.4066795215756778,5.0,M14,0.000489722814132007
dm-test-a3b6201aca77b5bdaa5df02d6acee2be66233237,4.990409320939958,5.0,M2,9.891804038366519e-07
dm-test-2c6695b438980783754f7db28129ec2fbb3e6e21,4.355942053273191,5.0,M12,0.0010274024642506576
